3.098335266,40.69004444
6.098335028,19.93937778
9.223008156,19.10288889
12.19070721,17.68884444
15.29895616,13.32413333
18.29645276,6.825244444
21.39973402,10.42586667
24.40322781,8.970177778
27.50218606,6.283777778
30.48976493,1.751066667
33.59408355,1.154577778
36.59307265,2.118044444
39.68997526,-1.332577778
42.69605446,-2.420177778
45.7967577,0.2512
48.78991771,-1.432133333
51.90617871,-2.445911111
54.90714526,-1.046266667
58.00587177,0.652533333
60.99197698,-1.011511111
64.09766793,0.416222222
67.09482265,-1.723644444
70.20557117,-0.426977778
73.22201872,-1.7396
76.29859257,-1.474711111
79.29016829,-0.578933333
82.39348722,-0.953733333
85.39147663,0.228311111
88.48985386,-1.854844444
91.48953509,-0.987111111
94.59578466,-1.290266667
97.59503293,-0.594755556
100.6937613,-0.732444444
103.6907425,0.862577778
106.7986169,-0.004177778
109.7896416,-1.392
112.8964078,-0.620311111
115.8929372,0.103111111
118.9911933,-0.937066667
122.0041361,-0.9572
125.1055279,-0.868666667
128.0925713,0.738844444
131.2597108,-0.187822222
134.1933827,-1.7612
137.3011889,-0.980133333
140.2921879,-1.248622222
143.498137,-0.125866667
146.395385,-0.4748
149.4951334,-0.957377778
152.5006998,-4.120222222
155.5940995,-1.770266667
158.6015706,0.0424
161.6920002,-0.8008
164.6894953,-0.912577778
167.7922838,-0.027866667
170.7958159,0.2948
173.8911121,1.722755556
176.8906467,-1.030222222
179.9954841,0.086666667
182.9960165,1.502
186.10779,-1.7336
189.1020067,0.3408
192.2102489,-2.293777778
195.3107038,-0.121866667
198.3036144,1.065333333
201.3127182,-1.0104
204.3108437,0.805555556
207.4072614,0.5848
210.4985189,2.344044444
213.5037777,0.276577778
216.608146,-1.307244444
219.6078048,2.214977778
222.7016816,1.605288889
225.7102242,-0.154044444
228.7984855,-2.406444444
231.810693,0.804
234.9035532,0.525022222
237.9021344,-0.977777778
241.0148757,-3.828311111
244.0009196,-0.558622222
247.0990243,-1.885955556
250.1079721,-1.737822222
253.2466593,-1.192088889
256.2034638,-0.352177778
259.2987926,-1.172622222
262.2988002,-3.606577778
265.4050057,0.045066667
268.4085722,-0.725511111
271.5019081,-0.043688889
274.4991963,0.9336
277.6004281,-0.857244444
280.59903,-0.881866667
283.7007325,-2.044622222
286.7003231,-1.889866667
289.8025908,0.108355556
292.8027289,-0.920622222
295.9062693,0.2728
298.9039161,-1.292977778
301.9988601,-1.163155556
305.0043452,-0.689644444
308.1115961,0.743333333
311.1136751,-0.446933333
314.222533,0.882
317.2474403,-3.706355556
320.2115564,-0.171955556
323.3179231,-0.915555556
326.4161441,-2.445955556
329.4091742,0.412622222
332.413326,-1.753644444
335.5165365,0.050311111
338.6099012,-0.2364
341.6178927,-1.951377778
344.7117116,-1.465911111
347.711201,-1.860888889
350.7137661,0.384488889
353.8175006,-0.577733333
356.9103596,-1.226888889
359.9093318,-0.5492
363.0191987,-0.907644444
366.0142121,-0.719288889
369.014843,-1.952
372.1107988,-1.256977778
375.259156,-0.629511111
378.2094035,-1.885244444
381.3117332,-1.156755556
384.3167782,-1.470933333
387.411052,-1.9332
390.4122682,0.197244444
393.4822462,-1.416933333
396.4818835,-0.590711111
399.5926852,-1.264488889
402.5826859,-1.082088889
405.6813955,0.422
408.6863568,-0.681733333
411.7830708,0.192666667
414.7810497,0.981244444
417.8819075,-0.575911111
420.8818839,-0.233377778
423.983583,-0.142355556
426.9815619,1.652844444
430.0855074,-0.450577778
433.0844827,-0.985422222
436.1851871,2.149644444
439.2539766,-1.3628
442.2828729,-1.672844444
445.2847695,-0.790488889
448.3944457,-0.653377778
451.3844473,-2.332711111
454.4891438,-1.7184
457.4831295,0.508044444
460.5863791,-0.566266667
463.5843582,-2.306444444
466.6830676,-0.170177778
469.6865721,3.161911111
472.7943659,0.922933333
475.7923453,-0.2336
478.893049,-0.8076
481.8830492,-0.176177778
484.985306,-0.226133333
487.9828258,0.575866667
491.084528,1.716133333
494.084501,0.024844444
497.2472725,0.802533333
500.186409,-0.948666667
503.2843056,-1.846222222
506.2872756,0.859066667
509.4029362,-1.130311111
512.3849573,0.972222222
515.4856629,-0.959377778
518.6003289,-0.258311111
521.5873375,-0.120844444
524.5843191,-0.569333333
527.6870873,0.804977778
530.6850605,-0.637644444
533.7877619,-0.705822222
536.7847414,0.218
539.885447,-0.242711111
542.8844218,2.288666667
546.0070708,-0.930355556
548.9851,1.344533333
552.0957782,-0.875111111
555.086776,-1.299244444
558.186132,-2.0992
561.2778292,-1.001022222
564.2887747,-0.817688889
567.2867529,2.334311111
570.3894517,0.170755556
573.38644,-0.065688889
576.4871407,0.942355556
579.4851191,-0.549333333
582.5848234,1.273955556
585.586792,-0.073911111
588.6874974,0.025111111
591.6874733,0.0924
594.7871771,-0.645955556
597.7871516,0.365155556
600.9038124,0.166977778
603.8848367,0.6568
606.9860773,-0.344044444
609.9870484,-1.142488889
613.0947342,1.909155556
616.086164,0.159422222
619.2726073,0.511688889
622.2089591,-1.359288889
625.2985599,-0.5108
628.2995181,1.562666667
631.3972304,-0.362933333
634.3962071,-1.511911111
637.5028951,-0.932177778
640.5078554,0.594222222
643.5976353,-1.885644444
646.5956137,-0.100533333
649.7052939,-0.011377778
652.7002809,-0.597111111
655.7969968,0.989822222
658.8957081,0.058266667
661.9116371,2.071911111
664.9056265,0.696844444
667.9953604,-1.811866667
670.9993618,-0.314844444
674.0990684,0.224311111
677.0980451,0.148844444
680.1997471,0.532044444
683.226651,-1.523288889
686.305459,-2.714888889
689.4038358,-0.226711111
692.4053538,0.181466667
695.3973505,1.157288889
698.4970603,-0.623333333
701.496032,-0.856888889
704.5997295,0.098533333
707.597707,1.006444444
710.705395,-0.210444444
713.6963913,0.996222222
716.7980921,0.313333333
719.7970686,-2.049111111
722.8999186,0.810044444
725.8968992,0.888
729.0045848,1.734222222
731.9990807,0.786977778
735.0994694,-0.671155556
738.0994437,0.513377778
741.2450278,0.057777778
744.2100973,-0.000222222
747.4200606,2.196577778
750.3190873,0.671022222
753.3211551,-0.917066667
756.41887,0.146711111
759.5185745,-0.751955556
762.5206959,-0.866355556
765.5296457,1.104266667
768.6254988,1.256044444
771.6211417,0.158355556
774.7268324,0.142
777.8300173,0.402933333
780.8230112,-1.310666667
783.9207287,0.260755556
786.9187012,-2.4388
790.0184109,-1.242755556
793.0293527,-2.554488889
796.1240759,0.121911111
799.1174057,-0.781022222
802.1233633,1.704844444
805.2499979,0.154577778
808.3287609,2.016622222
811.3174584,0.303466667
814.4241467,1.886844444
817.4202745,0.7132
820.5179863,0.700355556
823.5369096,0.095111111
826.5229208,1.675955556
829.6173282,-2.923155556
832.7210255,-1.428355556
835.7231901,0.5928
838.8180053,0.258044444
841.831188,-0.2828
844.8221848,-0.409466667
847.923888,2.366622222
850.9238603,-1.829155556
854.0185807,-1.890044444
857.1232741,-1.558622222
860.1247504,-0.847377778
863.302249,0.254177778
866.2184296,1.066311111
869.3186584,1.327466667
872.3178165,-1.472577778
875.4210443,1.800088889
878.4203289,2.605288889
881.5204966,0.276
884.5175772,0.390044444
887.5310683,0.5688
890.6235039,-1.213644444
893.7198904,0.391022222
896.717458,-0.3584
899.8285849,0.675466667
902.8291721,-0.555288889
905.8236797,1.233733333
908.9216549,0.385733333
912.0393009,-0.203066667
915.030803,0.522133333
918.1190655,-2.298666667
921.1261222,1.258577778
924.1261945,-0.217288889
927.2330599,-1.288711111
930.3258288,-2.591377778
933.3254032,1.134044444
936.428622,-0.338577778
939.4186223,-0.779955556
942.5231032,0.490133333
945.5191331,-1.670044444
948.6274741,0.1072
951.6228893,1.492355556
954.7187102,-0.7672
957.7188532,-0.345866667
960.8315258,0.391155556
963.8181508,-1.848133333
966.8251009,0.148622222
969.9283195,0.776266667
973.020046,1.124577778
976.0216269,-1.182488889
979.1230834,-0.561777778
982.132129,0.908577778
985.28508,0.681866667
988.2212572,2.597866667
991.3172619,0.866444444
994.3176522,-0.034
997.4196167,0.827866667
1000.421714,0.358577778
1003.520931,1.759422222
1006.532903,-1.287511111
1009.618649,-0.198355556
1012.618217,0.856933333
1015.717983,0.182444444
1018.71907,0.975466667
1021.818337,0.997466667
1024.818037,1.469333333
1027.917473,0.479422222
1030.924215,1.1152
1034.028935,1.251466667
1037.021984,0.654933333
1040.123468,-0.136933333
1043.126617,2.173955556
1046.217506,-0.163688889
1049.331412,-0.651333333
1052.318133,-0.959911111
1055.31966,0.985777778
1058.418009,1.938044444
1061.4231,0.921422222
1064.520377,1.7704
1067.518423,-0.409688889
1070.631616,1.131422222
1073.62361,-0.8204
1076.720884,0.298
1079.721916,0.211777778
1082.83233,0.043688889
1085.829028,0.371422222
1088.925253,-0.572266667
1092.016565,-0.4032
1095.01915,-1.042
1098.017745,0.115955556
1101.02843,1.1796
1104.132302,1.151644444
1107.223126,0.964133333
1110.219822,0.357066667
1113.328509,0.871822222
1116.319055,0.749688889
1119.422133,-0.382133333
1122.421621,0.061022222
1125.527825,-0.6828
1128.517387,0.0116
1131.618841,0.204355556
1134.633303,1.051822222
1137.721601,-0.859155556
1140.719357,-0.324666667
1143.822277,0.221688889
1146.823246,0.332177778
1149.928988,-0.056044444
1152.917163,-0.33
1156.018924,0.418533333
1159.0186,0.753733333
1162.124325,-0.239244444
1165.124325,0.083911111
1168.22156,1.799733333
1171.321396,1.073777778
1174.329923,-0.103244444
1177.321012,0.215911111
1180.424704,0.444177778
1183.41869,-1.355555556
1186.51992,0.395644444
1189.517474,1.4536
1192.630926,1.488933333
1195.62003,2.239466667
1198.720785,0.883644444
